<metadata>
	<idinfo>
		<citation>
			<citeinfo>
				<origin>Whatcom County PDS</origin>
				<pubdate>9-9-2009</pubdate>
				<title Sync="TRUE">wczcp_poly_may2010</title>
				<geoform Sync="TRUE">vector digital data</geoform>
				<onlink Sync="TRUE">\\co.whatcom.wa.us\root\Multi\GIS\Maps\EGIS\Data\planning_dev\whatcom\WC Zoning_Comp Plan 2005\WC Zoning_Comp Plan 2005.mdb</onlink>
				<ftname Sync="TRUE">wczcp_poly_may2010</ftname></citeinfo>
		</citation>
		<descript>
			<abstract>Zoning and Comprehensive Plan Designations for Whatcom County</abstract>
			<purpose>Determination of Zoning and Comprehensive Plan Designations</purpose>
			<langdata Sync="TRUE">en</langdata></descript>
		<timeperd>
			<timeinfo>
				<sngdate>
					<caldate>9/10/09</caldate>
					<time>unknown</time></sngdate>
			</timeinfo>
			<current>publication date</current>
		</timeperd>
		<status>
			<progress>In work</progress>
			<update>As needed</update>
		</status>
		<spdom>
			<bounding>
				<westbc Sync="TRUE">-123.333982</westbc>
				<eastbc Sync="TRUE">-120.654797</eastbc>
				<northbc Sync="TRUE">49.026624</northbc>
				<southbc Sync="TRUE">48.612494</southbc>
			</bounding>
			<lboundng><leftbc Sync="TRUE">1040167.431184</leftbc><rightbc Sync="TRUE">1683257.118751</rightbc><bottombc Sync="TRUE">597885.930159</bottombc><topbc Sync="TRUE">739304.592760</topbc></lboundng></spdom>
		<keywords>
			<theme>
				<themekt>Zoning Comprehensive Plan</themekt>
				<themekey>Zoning Comprehensive Plan</themekey>
			</theme>
		</keywords>
		<accconst>None</accconst>
		<useconst>Whatcom County disclaims any warranty of merchantability or warranty
of fitness of this data for any particular purpose, either express or
implied. No representation or warranty is made concerning the accur-
acy, currency, completeness or quality of data depicted.
Any user of this data assumes all responsibility for use thereof, and
further agrees to hold Whatcom County harmless from and against any
damage, loss, or liability arising from any use of this data.</useconst>
		<ptcontac>
			<cntinfo>
				<cntperp>
					<cntper>Sarah Watts, Mike Pelela</cntper>
					<cntorg>Whatcom County PDS</cntorg>
				</cntperp>
				<cntpos>GIS Analyst</cntpos>
				<cntvoice>360-671-9159</cntvoice>
				<cntemail>swatts@co.whatcom.wa.us</cntemail>
			</cntinfo>
		</ptcontac>
		<native Sync="TRUE">Microsoft Windows XP Version 5.1 (Build 2600) Service Pack 3; ESRI ArcCatalog 9.3.1.3500</native>
		<natvform Sync="TRUE">Personal GeoDatabase Feature Class</natvform><datacred>Sarah Watts</datacred></idinfo>
	<dataqual>
		<posacc>
			<horizpa>
				<horizpar>+/- 40'</horizpar>
			</horizpa>
		</posacc>
		<lineage>
			<procstep>
				<procdesc>Dataset copied.</procdesc>
				<srcused>M:\EGIS\Data\planning_dev\whatcom\WC Zoning_Comp Plan 2005\wczcp_poly_july_2007</srcused>
				<proccont><cntinfo><cntperp><cntper>Sarah Watts</cntper></cntperp><cntvoice>360-676-6907</cntvoice></cntinfo></proccont><procdate>Unknown</procdate></procstep>
			<procstep>
				<procdesc>Metadata imported.</procdesc>
				<srcused>M:\metadata\CAO2005\update\wczonecp.xml</srcused>
			</procstep>
			<procstep><procdesc Sync="TRUE">Metadata imported.</procdesc><srcused Sync="TRUE">M:\metadata\CAO2005\update\wczonecp.xml</srcused><date Sync="TRUE">20091015</date><time Sync="TRUE">14042600</time></procstep><srcinfo><srcscale>24000</srcscale></srcinfo><procstep><procdesc Sync="TRUE">Dataset copied.</procdesc><srcused Sync="TRUE">\\co.whatcom.wa.us\root\Multi\GIS\Maps\EGIS\Data\planning_dev\whatcom\WC Zoning_Comp Plan 2005\WC Zoning_Comp Plan 2005.mdb</srcused><date Sync="TRUE">20091022</date><time Sync="TRUE">10070000</time></procstep><procstep><procdesc Sync="TRUE">Dataset copied.</procdesc><srcused Sync="TRUE">\\co.whatcom.wa.us\root\Multi\GIS\Maps\EGIS\Data\planning_dev\whatcom\WC Zoning_Comp Plan 2005\WC Zoning_Comp Plan 2005.mdb</srcused><procdate Sync="TRUE">20100525</procdate><proctime Sync="TRUE">10265800</proctime></procstep><procstep><procdesc Sync="TRUE">Dataset copied.</procdesc><srcused Sync="TRUE">\\co.whatcom.wa.us\root\Multi\GIS\Maps\EGIS\Data\planning_dev\whatcom\WC Zoning_Comp Plan 2005\WC Zoning_Comp Plan 2005.mdb</srcused><procdate Sync="TRUE">20101210</procdate><proctime Sync="TRUE">11533200</proctime></procstep><procstep><procdesc Sync="TRUE">Dataset copied.</procdesc><srcused Sync="TRUE">\\co.whatcom.wa.us\root\Multi\GIS\Maps\EGIS\Data\planning_dev\whatcom\WC Zoning_Comp Plan 2005\WC Zoning_Comp Plan 2005.mdb</srcused><procdate Sync="TRUE">20110427</procdate><proctime Sync="TRUE">09362300</proctime></procstep><procstep><procdesc Sync="TRUE">Dataset copied.</procdesc><srcused Sync="TRUE">\\co.whatcom.wa.us\root\Multi\GIS\Maps\EGIS\Data\planning_dev\whatcom\WC Zoning_Comp Plan 2005\WC Zoning_Comp Plan 2005.mdb</srcused><procdate Sync="TRUE">20110427</procdate><proctime Sync="TRUE">09365500</proctime></procstep></lineage>
	</dataqual>
	<spdoinfo>
		<direct Sync="TRUE">Vector</direct>
		<ptvctinf><esriterm Name="Current_Zoning"><efeatyp Sync="TRUE">Simple</efeatyp><efeageom code="4" Sync="TRUE"></efeageom><esritopo Sync="TRUE">FALSE</esritopo><efeacnt Sync="TRUE">0</efeacnt><spindex Sync="TRUE">FALSE</spindex><linrefer Sync="TRUE">FALSE</linrefer></esriterm></ptvctinf></spdoinfo>
	<spref>
		<horizsys>
			<planar>
				<planci>
					<plance Sync="TRUE">coordinate pair</plance>
					<coordrep>
						<absres Sync="TRUE">0.002083</absres>
						<ordres Sync="TRUE">0.002083</ordres>
					</coordrep>
					<plandu Sync="TRUE">survey feet</plandu>
				</planci>
			</planar>
			<geodetic>
				<horizdn Sync="TRUE">North American Datum of 1983</horizdn>
				<ellips Sync="TRUE">Geodetic Reference System 80</ellips>
				<semiaxis Sync="TRUE">6378137.000000</semiaxis>
				<denflat Sync="TRUE">298.257222</denflat>
			</geodetic>
			<cordsysn><geogcsn Sync="TRUE">GCS_North_American_1983</geogcsn><projcsn Sync="TRUE">NAD_1983_StatePlane_Washington_North_FIPS_4601_Feet</projcsn></cordsysn></horizsys>
		<vertdef>
			<altsys>
				<altres Sync="TRUE">0.000010</altres>
				<altenc Sync="TRUE">Explicit elevation coordinate included with horizontal coordinates</altenc>
			</altsys>
		</vertdef>
	</spref>
	<eainfo>
		<detailed Name="Current_Zoning">
			<enttyp>
				<enttypl Sync="TRUE">Current_Zoning</enttypl>
				<enttypt Sync="TRUE">Feature Class</enttypt><enttypc Sync="TRUE">0</enttypc></enttyp>
			<attr><attrlabl Sync="TRUE">FID</attrlabl><attalias Sync="TRUE">FID</attalias><attrtype Sync="TRUE">OID</attrtype><attwidth Sync="TRUE">4</attwidth><atprecis Sync="TRUE">0</atprecis><attscale Sync="TRUE">0</attscale><attrdef Sync="TRUE">Internal feature number.</attrdef><attrdefs Sync="TRUE">Esri</attrdefs><attrdomv><udom Sync="TRUE">Sequential unique whole numbers that are automatically generated.</udom></attrdomv></attr><attr>
				<attrlabl>Shape</attrlabl>
				<attrdef>Feature geometry.</attrdef>
				<attrdefs>ESRI</attrdefs>
				<attrdomv>
					<udom>Coordinates defining the features.</udom>
				</attrdomv>
				<attalias Sync="TRUE">Shape</attalias><attrtype Sync="TRUE">Geometry</attrtype><attwidth Sync="TRUE">0</attwidth><atprecis Sync="TRUE">0</atprecis><attscale Sync="TRUE">0</attscale></attr>
			<attr>
				<attrlabl>AREA</attrlabl>
				<attalias Sync="TRUE">AREA</attalias><attrtype Sync="TRUE">Double</attrtype><attwidth Sync="TRUE">19</attwidth><atprecis Sync="TRUE">0</atprecis><attscale Sync="TRUE">0</attscale></attr>
			<attr>
				<attrlabl>PERIMETER</attrlabl>
				<attalias Sync="TRUE">PERIMETER</attalias><attrtype Sync="TRUE">Double</attrtype><attwidth Sync="TRUE">19</attwidth><atprecis Sync="TRUE">0</atprecis><attscale Sync="TRUE">0</attscale></attr>
			<attr>
				<attrlabl>ZONECP05_</attrlabl>
				<attalias Sync="TRUE">ZONECP05_</attalias><attrtype Sync="TRUE">Integer</attrtype><attwidth Sync="TRUE">9</attwidth><atprecis Sync="TRUE">9</atprecis><attscale Sync="TRUE">0</attscale></attr>
			<attr>
				<attrlabl>ZONECP05_I</attrlabl>
				<attalias Sync="TRUE">ZONECP05_I</attalias><attrtype Sync="TRUE">Integer</attrtype><attwidth Sync="TRUE">9</attwidth><atprecis Sync="TRUE">9</atprecis><attscale Sync="TRUE">0</attscale></attr>
			<attr>
				<attrlabl>WCZONE</attrlabl>
				<attrdef>Zoning Designation</attrdef>
				<attrdomv>
					<edom>
						<edomv>AG</edomv>
						<edomvd>Agriculture</edomvd>
					</edom>
					<edom>
						<edomv>CF</edomv>
						<edomvd>Commercial Forestry</edomvd>
					</edom>
					<edom>
						<edomv>CITY</edomv>
						<edomvd>City Jurisdiction</edomvd>
					</edom>
					<edom>
						<edomv>ELIZA-IS</edomv>
						<edomvd>Eliza Island</edomvd>
					</edom>
					<edom>
						<edomv>FEDERAL</edomv>
						<edomvd>Federal</edomvd>
					</edom>
					<edom>
						<edomv>GC</edomv>
						<edomvd>General Commercial</edomvd>
					</edom>
					<edom>
						<edomv>GI</edomv>
						<edomvd>Gateway Industrial</edomvd>
					</edom>
					<edom>
						<edomv>GM</edomv>
						<edomvd>General Manufacturing</edomvd>
					</edom>
					<edom>
						<edomv>HII</edomv>
						<edomvd>High Impact Industrial</edomvd>
					</edom>
					<edom>
						<edomv>LII</edomv>
						<edomvd>Low Impact Industrial</edomvd>
					</edom>
					<edom>
						<edomv>NC</edomv>
						<edomvd>Neighborhood Commercial</edomvd>
					</edom>
					<edom>
						<edomv>R10A</edomv>
						<edomvd>Rural - 1 du/10 acres</edomvd>
					</edom>
					<edom>
						<edomv>R2A</edomv>
						<edomvd>Rural - 1 du/2 acres</edomvd>
					</edom>
					<edom>
						<edomv>R5A</edomv>
						<edomvd>Rural - 1 du/5 acres</edomvd>
					</edom>
					<edom>
						<edomv>RC</edomv>
						<edomvd>Resort Commercial</edomvd>
					</edom>
					<edom>
						<edomv>RF</edomv>
						<edomvd>Rural Forestry</edomvd>
					</edom>
					<edom>
						<edomv>ROS</edomv>
						<edomvd>Recreation Open Space</edomvd>
					</edom>
					<edom>
						<edomv>RR1</edomv>
						<edomvd>Rural Residential - 1 du/1 acre</edomvd>
					</edom>
					<edom>
						<edomv>RR2</edomv>
						<edomvd>Rural Residential - 2 du/1 acre</edomvd>
					</edom>
					<edom>
						<edomv>RR3</edomv>
						<edomvd>Rural Residential - 3 du/1 acre</edomvd>
					</edom>
					<edom>
						<edomv>RRI</edomv>
						<edomvd>Rural Residential Island</edomvd>
					</edom>
					<edom>
						<edomv>STC</edomv>
						<edomvd>Small Town Commercial</edomvd>
					</edom>
					<edom>
						<edomv>TC</edomv>
						<edomvd>Tourist Commercial</edomvd>
					</edom>
					<edom>
						<edomv>UR3</edomv>
						<edomvd>Urban Residential - 3 du/1 acres</edomvd>
					</edom>
					<edom>
						<edomv>UR4</edomv>
						<edomvd>Urban Residential - 4 du/1 acre</edomvd>
					</edom>
					<edom>
						<edomv>URM6</edomv>
						<edomvd>Urban Residential Medium - 6 du/1 acre</edomvd>
					</edom>
					<edom>
						<edomv>URM12</edomv>
						<edomvd>Urban Residential Medium - 12 du/1 acre</edomvd>
					</edom>
					<edom>
						<edomv>URM18</edomv>
						<edomvd>Urban Residential Medium - 18 du/1 acre</edomvd>
					</edom>
					<edom>
						<edomv>URM24</edomv>
						<edomvd>Urban Residential Medium - 1 du/24 acres</edomvd>
					</edom>
					<edom>
						<edomv>WATER</edomv>
						<edomvd>Water</edomvd>
					</edom>
				</attrdomv>
				<attalias Sync="TRUE">WCZONE</attalias><attrtype Sync="TRUE">String</attrtype><attwidth Sync="TRUE">12</attwidth><atprecis Sync="TRUE">0</atprecis><attscale Sync="TRUE">0</attscale></attr>
			<attr>
				<attrlabl>WCPLAN</attrlabl>
				<attalias Sync="TRUE">WCPLAN</attalias><attrtype Sync="TRUE">String</attrtype><attwidth Sync="TRUE">16</attwidth><atprecis Sync="TRUE">0</atprecis><attscale Sync="TRUE">0</attscale></attr>
			<attr>
				<attrlabl>MRL</attrlabl>
				<attalias Sync="TRUE">MRL</attalias><attrtype Sync="TRUE">Integer</attrtype><attwidth Sync="TRUE">9</attwidth><atprecis Sync="TRUE">9</atprecis><attscale Sync="TRUE">0</attscale></attr>
			<attr>
				<attrlabl>JURISDICTI</attrlabl>
				<attalias Sync="TRUE">JURISDICTI</attalias><attrtype Sync="TRUE">String</attrtype><attwidth Sync="TRUE">12</attwidth><atprecis Sync="TRUE">0</atprecis><attscale Sync="TRUE">0</attscale></attr>
			<attr>
				<attrlabl>SUBAREA</attrlabl>
				<attalias Sync="TRUE">SUBAREA</attalias><attrtype Sync="TRUE">String</attrtype><attwidth Sync="TRUE">12</attwidth><atprecis Sync="TRUE">0</atprecis><attscale Sync="TRUE">0</attscale></attr>
			<attr>
				<attrlabl>ACRES</attrlabl>
				<attalias Sync="TRUE">ACRES</attalias><attrtype Sync="TRUE">Double</attrtype><attwidth Sync="TRUE">19</attwidth><atprecis Sync="TRUE">0</atprecis><attscale Sync="TRUE">0</attscale></attr>
			<attr>
				<attrlabl>UGATYPE</attrlabl>
				<attalias Sync="TRUE">UGATYPE</attalias><attrtype Sync="TRUE">String</attrtype><attwidth Sync="TRUE">6</attwidth><atprecis Sync="TRUE">0</atprecis><attscale Sync="TRUE">0</attscale></attr>
			<attr>
				<attrlabl>UGAJURIS</attrlabl>
				<attalias Sync="TRUE">UGAJURIS</attalias><attrtype Sync="TRUE">String</attrtype><attwidth Sync="TRUE">10</attwidth><atprecis Sync="TRUE">0</atprecis><attscale Sync="TRUE">0</attscale></attr>
			<attr>
				<attrlabl>POLYGONID</attrlabl>
				<attalias Sync="TRUE">POLYGONID</attalias><attrtype Sync="TRUE">Integer</attrtype><attwidth Sync="TRUE">9</attwidth><atprecis Sync="TRUE">9</atprecis><attscale Sync="TRUE">0</attscale></attr>
			<attr>
				<attrlabl>Shape_Area</attrlabl>
				<attrdef>Area of feature in internal units squared.</attrdef>
				<attrdefs>ESRI</attrdefs>
				<attrdomv>
					<udom>Positive real numbers that are automatically generated.</udom>
				</attrdomv>
				<attalias Sync="TRUE">Shape_Area</attalias><attrtype Sync="TRUE">Double</attrtype><attwidth Sync="TRUE">19</attwidth><atprecis Sync="TRUE">0</atprecis><attscale Sync="TRUE">0</attscale></attr>
			<attr>
				<attrlabl>OBJECTID</attrlabl>
				<attrdef>Internal feature number.</attrdef>
				<attrdefs>ESRI</attrdefs>
				<attrdomv>
					<udom>Sequential unique whole numbers that are automatically generated.</udom>
				</attrdomv>
				<attalias Sync="TRUE">OBJECTID</attalias><attrtype Sync="TRUE">Integer</attrtype><attwidth Sync="TRUE">9</attwidth><atprecis Sync="TRUE">9</atprecis><attscale Sync="TRUE">0</attscale></attr>
			<attr><attrlabl Sync="TRUE">CONT_REZON</attrlabl><attalias Sync="TRUE">CONT_REZON</attalias><attrtype Sync="TRUE">String</attrtype><attwidth Sync="TRUE">50</attwidth><atprecis Sync="TRUE">0</atprecis><attscale Sync="TRUE">0</attscale></attr><attr><attrlabl Sync="TRUE">Shape_Le_1</attrlabl><attalias Sync="TRUE">Shape_Le_1</attalias><attrtype Sync="TRUE">Double</attrtype><attwidth Sync="TRUE">19</attwidth><atprecis Sync="TRUE">0</atprecis><attscale Sync="TRUE">0</attscale></attr><attr><attrlabl Sync="TRUE">Shape_Leng</attrlabl><attalias Sync="TRUE">Shape_Leng</attalias><attrtype Sync="TRUE">Double</attrtype><attwidth Sync="TRUE">19</attwidth><atprecis Sync="TRUE">0</atprecis><attscale Sync="TRUE">0</attscale></attr></detailed>
	</eainfo>
	<distinfo>
		<distrib>
			<cntinfo>
				<cntperp>
					<cntper>Michael Pelela, Sarah Watts</cntper>
				</cntperp>
				<cntvoice>360-676-6907</cntvoice>
			</cntinfo>
		</distrib>
		<resdesc>Downloadable Data from:  http://whatcomcounty.us/pds/planning/gis/gisdata.jsp</resdesc>
		<stdorder>
			<digform>
				<digtinfo>
					<transize>2.277</transize>
				</digtinfo>
			</digform>
		</stdorder>
		<availabl><timeinfo><sngdate><caldate>9/10/09</caldate></sngdate></timeinfo></availabl></distinfo>
	<metainfo>
		<metd Sync="TRUE">20100525</metd>
		<metc>
			<cntinfo>
				<cntorgp>
					<cntorg>Whatcom County</cntorg>
					<cntper>Michael Pelela</cntper>
				</cntorgp>
				<cntaddr>
					<addrtype>REQUIRED: The mailing and/or physical address for the organization or individual.</addrtype>
					<city>REQUIRED: The city of the address.</city>
					<state>REQUIRED: The state or province of the address.</state>
					<postal>REQUIRED: The ZIP or other postal code of the address.</postal>
				</cntaddr>
				<cntvoice>360-676-6907</cntvoice>
			</cntinfo>
		</metc>
		<metstdn Sync="TRUE">FGDC Content Standards for Digital Geospatial Metadata</metstdn>
		<metstdv Sync="TRUE">FGDC-STD-001-1998</metstdv>
		<mettc Sync="TRUE">local time</mettc>
		<metextns>
			<onlink>http://www.esri.com/metadata/esriprof80.html</onlink>
			<metprof>ESRI Metadata Profile</metprof>
		</metextns>
		<metextns>
			<onlink>http://www.esri.com/metadata/esriprof80.html</onlink>
			<metprof>ESRI Metadata Profile</metprof>
		</metextns>
		<langmeta Sync="TRUE">en</langmeta></metainfo>
	<Esri><CreaDate>20120820</CreaDate><CreaTime>10194600</CreaTime><SyncOnce>FALSE</SyncOnce><SyncDate>20130308</SyncDate><SyncTime>08532400</SyncTime><ModDate>20130308</ModDate><ModTime>08532400</ModTime><DataProperties><lineage><Process ToolSource="C:\Program Files\ArcGIS\ArcToolbox\Toolboxes\Conversion Tools.tbx\FeatureClassToFeatureClass" Date="20100525" Time="105413">FeatureClassToFeatureClass "M:\EGIS\Data\planning_dev\whatcom\WC Zoning_Comp Plan 2005\wczcp_poly_may2010.shp" "M:\EGIS\Data\planning_dev\whatcom\WC Zoning_Comp Plan 2005\WC Zoning_Comp Plan 2005.mdb\Zoning Comp Plan" wczcp_poly_may2010 # "OBJECTID 'OBJECTID' true true false 9 Long 0 9 ,First,#,M:\EGIS\Data\planning_dev\whatcom\WC Zoning_Comp Plan 2005\wczcp_poly_may2010.shp,OBJECTID,-1,-1;AREA 'AREA' true true false 19 Double 0 0 ,First,#,M:\EGIS\Data\planning_dev\whatcom\WC Zoning_Comp Plan 2005\wczcp_poly_may2010.shp,AREA,-1,-1;PERIMETER 'PERIMETER' true true false 19 Double 0 0 ,First,#,M:\EGIS\Data\planning_dev\whatcom\WC Zoning_Comp Plan 2005\wczcp_poly_may2010.shp,PERIMETER,-1,-1;ZONECP05_ 'ZONECP05_' true true false 9 Long 0 9 ,First,#,M:\EGIS\Data\planning_dev\whatcom\WC Zoning_Comp Plan 2005\wczcp_poly_may2010.shp,ZONECP05_,-1,-1;ZONECP05_I 'ZONECP05_I' true true false 9 Long 0 9 ,First,#,M:\EGIS\Data\planning_dev\whatcom\WC Zoning_Comp Plan 2005\wczcp_poly_may2010.shp,ZONECP05_I,-1,-1;WCZONE 'WCZONE' true true false 12 Text 0 0 ,First,#,M:\EGIS\Data\planning_dev\whatcom\WC Zoning_Comp Plan 2005\wczcp_poly_may2010.shp,WCZONE,-1,-1;WCPLAN 'WCPLAN' true true false 16 Text 0 0 ,First,#,M:\EGIS\Data\planning_dev\whatcom\WC Zoning_Comp Plan 2005\wczcp_poly_may2010.shp,WCPLAN,-1,-1;MRL 'MRL' true true false 9 Long 0 9 ,First,#,M:\EGIS\Data\planning_dev\whatcom\WC Zoning_Comp Plan 2005\wczcp_poly_may2010.shp,MRL,-1,-1;JURISDICTI 'JURISDICTI' true true false 12 Text 0 0 ,First,#,M:\EGIS\Data\planning_dev\whatcom\WC Zoning_Comp Plan 2005\wczcp_poly_may2010.shp,JURISDICTI,-1,-1;SUBAREA 'SUBAREA' true true false 12 Text 0 0 ,First,#,M:\EGIS\Data\planning_dev\whatcom\WC Zoning_Comp Plan 2005\wczcp_poly_may2010.shp,SUBAREA,-1,-1;UGATYPE 'UGATYPE' true true false 6 Text 0 0 ,First,#,M:\EGIS\Data\planning_dev\whatcom\WC Zoning_Comp Plan 2005\wczcp_poly_may2010.shp,UGATYPE,-1,-1;UGAJURIS 'UGAJURIS' true true false 10 Text 0 0 ,First,#,M:\EGIS\Data\planning_dev\whatcom\WC Zoning_Comp Plan 2005\wczcp_poly_may2010.shp,UGAJURIS,-1,-1;POLYGONID 'POLYGONID' true true false 9 Long 0 9 ,First,#,M:\EGIS\Data\planning_dev\whatcom\WC Zoning_Comp Plan 2005\wczcp_poly_may2010.shp,POLYGONID,-1,-1;WCZONE_DES 'WCZONE_DES' true true false 25 Text 0 0 ,First,#,M:\EGIS\Data\planning_dev\whatcom\WC Zoning_Comp Plan 2005\wczcp_poly_may2010.shp,WCZONE_DES,-1,-1;WCPLAN_DES 'WCPLAN_DES' true true false 25 Text 0 0 ,First,#,M:\EGIS\Data\planning_dev\whatcom\WC Zoning_Comp Plan 2005\wczcp_poly_may2010.shp,WCPLAN_DES,-1,-1;ACRES 'ACRES' true true false 19 Double 0 0 ,First,#,M:\EGIS\Data\planning_dev\whatcom\WC Zoning_Comp Plan 2005\wczcp_poly_may2010.shp,ACRES,-1,-1;CONT_REZON 'CONT_REZON' true true false 50 Text 0 0 ,First,#,M:\EGIS\Data\planning_dev\whatcom\WC Zoning_Comp Plan 2005\wczcp_poly_may2010.shp,CONT_REZON,-1,-1;Shape_Leng 'Shape_Leng' true true false 19 Double 0 0 ,First,#,M:\EGIS\Data\planning_dev\whatcom\WC Zoning_Comp Plan 2005\wczcp_poly_may2010.shp,Shape_Leng,-1,-1;Shape_Area 'Shape_Area' true true false 19 Double 0 0 ,First,#,M:\EGIS\Data\planning_dev\whatcom\WC Zoning_Comp Plan 2005\wczcp_poly_may2010.shp,Shape_Area,-1,-1" # "M:\EGIS\Data\planning_dev\whatcom\WC Zoning_Comp Plan 2005\WC Zoning_Comp Plan 2005.mdb\Zoning Comp Plan\wczcp_poly_may2010"</Process><Process ToolSource="C:\Program Files\ArcGIS\Desktop10.0\ArcToolbox\Toolboxes\Conversion Tools.tbx\FeatureClassToFeatureClass" Date="20110520" Time="122325">FeatureClassToFeatureClass "M:\EGIS\Data\planning_dev\whatcom\WC Zoning_Comp Plan 2005\New Personal Geodatabase.mdb\wczcp_poly_May_2011_working" "M:\EGIS\Data\planning_dev\whatcom\WC Zoning_Comp Plan 2005\New Personal Geodatabase.mdb" Current_Zoning # "OBJECTID "OBJECTID" true true false 4 Long 0 0 ,First,#,M:\EGIS\Data\planning_dev\whatcom\WC Zoning_Comp Plan 2005\New Personal Geodatabase.mdb\wczcp_poly_May_2011_working,OBJECTID,-1,-1;AREA "AREA" true true false 8 Double 0 0 ,First,#,M:\EGIS\Data\planning_dev\whatcom\WC Zoning_Comp Plan 2005\New Personal Geodatabase.mdb\wczcp_poly_May_2011_working,AREA,-1,-1;PERIMETER "PERIMETER" true true false 8 Double 0 0 ,First,#,M:\EGIS\Data\planning_dev\whatcom\WC Zoning_Comp Plan 2005\New Personal Geodatabase.mdb\wczcp_poly_May_2011_working,PERIMETER,-1,-1;ZONECP05_ "ZONECP05_" true true false 4 Long 0 0 ,First,#,M:\EGIS\Data\planning_dev\whatcom\WC Zoning_Comp Plan 2005\New Personal Geodatabase.mdb\wczcp_poly_May_2011_working,ZONECP05_,-1,-1;ZONECP05_I "ZONECP05_I" true true false 4 Long 0 0 ,First,#,M:\EGIS\Data\planning_dev\whatcom\WC Zoning_Comp Plan 2005\New Personal Geodatabase.mdb\wczcp_poly_May_2011_working,ZONECP05_I,-1,-1;WCZONE "WCZONE" true true false 12 Text 0 0 ,First,#,M:\EGIS\Data\planning_dev\whatcom\WC Zoning_Comp Plan 2005\New Personal Geodatabase.mdb\wczcp_poly_May_2011_working,WCZONE,-1,-1;WCPLAN "WCPLAN" true true false 16 Text 0 0 ,First,#,M:\EGIS\Data\planning_dev\whatcom\WC Zoning_Comp Plan 2005\New Personal Geodatabase.mdb\wczcp_poly_May_2011_working,WCPLAN,-1,-1;MRL "MRL" true true false 4 Long 0 0 ,First,#,M:\EGIS\Data\planning_dev\whatcom\WC Zoning_Comp Plan 2005\New Personal Geodatabase.mdb\wczcp_poly_May_2011_working,MRL,-1,-1;JURISDICTI "JURISDICTI" true true false 12 Text 0 0 ,First,#,M:\EGIS\Data\planning_dev\whatcom\WC Zoning_Comp Plan 2005\New Personal Geodatabase.mdb\wczcp_poly_May_2011_working,JURISDICTI,-1,-1;SUBAREA "SUBAREA" true true false 12 Text 0 0 ,First,#,M:\EGIS\Data\planning_dev\whatcom\WC Zoning_Comp Plan 2005\New Personal Geodatabase.mdb\wczcp_poly_May_2011_working,SUBAREA,-1,-1;UGATYPE "UGATYPE" true true false 6 Text 0 0 ,First,#,M:\EGIS\Data\planning_dev\whatcom\WC Zoning_Comp Plan 2005\New Personal Geodatabase.mdb\wczcp_poly_May_2011_working,UGATYPE,-1,-1;UGAJURIS "UGAJURIS" true true false 10 Text 0 0 ,First,#,M:\EGIS\Data\planning_dev\whatcom\WC Zoning_Comp Plan 2005\New Personal Geodatabase.mdb\wczcp_poly_May_2011_working,UGAJURIS,-1,-1;POLYGONID "POLYGONID" true true false 4 Long 0 0 ,First,#,M:\EGIS\Data\planning_dev\whatcom\WC Zoning_Comp Plan 2005\New Personal Geodatabase.mdb\wczcp_poly_May_2011_working,POLYGONID,-1,-1;WCZONE_DES "WCZONE_DES" true true false 25 Text 0 0 ,First,#,M:\EGIS\Data\planning_dev\whatcom\WC Zoning_Comp Plan 2005\New Personal Geodatabase.mdb\wczcp_poly_May_2011_working,WCZONE_DES,-1,-1;WCPLAN_DES "WCPLAN_DES" true true false 25 Text 0 0 ,First,#,M:\EGIS\Data\planning_dev\whatcom\WC Zoning_Comp Plan 2005\New Personal Geodatabase.mdb\wczcp_poly_May_2011_working,WCPLAN_DES,-1,-1;ACRES "ACRES" true true false 8 Double 0 0 ,First,#,M:\EGIS\Data\planning_dev\whatcom\WC Zoning_Comp Plan 2005\New Personal Geodatabase.mdb\wczcp_poly_May_2011_working,ACRES,-1,-1;CONT_REZON "CONT_REZON" true true false 50 Text 0 0 ,First,#,M:\EGIS\Data\planning_dev\whatcom\WC Zoning_Comp Plan 2005\New Personal Geodatabase.mdb\wczcp_poly_May_2011_working,CONT_REZON,-1,-1;Shape_Leng "Shape_Leng" true true false 8 Double 0 0 ,First,#,M:\EGIS\Data\planning_dev\whatcom\WC Zoning_Comp Plan 2005\New Personal Geodatabase.mdb\wczcp_poly_May_2011_working,Shape_Leng,-1,-1;Shape_Length "Shape_Length" false true true 8 Double 0 0 ,First,#,M:\EGIS\Data\planning_dev\whatcom\WC Zoning_Comp Plan 2005\New Personal Geodatabase.mdb\wczcp_poly_May_2011_working,Shape_Length,-1,-1;Shape_Area "Shape_Area" false true true 8 Double 0 0 ,First,#,M:\EGIS\Data\planning_dev\whatcom\WC Zoning_Comp Plan 2005\New Personal Geodatabase.mdb\wczcp_poly_May_2011_working,Shape_Area,-1,-1" #</Process><Process ToolSource="C:\Program Files\ArcGIS\Desktop10.0\ArcToolbox\Toolboxes\Data Management Tools.tbx\CalculateField" Date="20110629" Time="093242">CalculateField Current_Zoning_July_2011 WCZONE "R10A" VB #</Process><Process ToolSource="C:\Program Files\ArcGIS\Desktop10.0\ArcToolbox\Toolboxes\Data Management Tools.tbx\CalculateField" Date="20110629" Time="093304">CalculateField Current_Zoning_July_2011 WCZONE "R2A" VB #</Process><Process ToolSource="C:\Program Files\ArcGIS\Desktop10.0\ArcToolbox\Toolboxes\Data Management Tools.tbx\CalculateField" Date="20110629" Time="093328">CalculateField Current_Zoning_July_2011 WCZONE "R5A" VB #</Process><Process ToolSource="C:\Program Files\ArcGIS\Desktop10.0\ArcToolbox\Toolboxes\Data Management Tools.tbx\CalculateField" Date="20110629" Time="093346">CalculateField Current_Zoning_July_2011 WCZONE "R5A*" VB #</Process><Process ToolSource="C:\Program Files\ArcGIS\Desktop10.0\ArcToolbox\Toolboxes\Data Management Tools.tbx\CalculateField" Date="20110629" Time="093422">CalculateField Current_Zoning_July_2011 WCZONE "RR1" VB #</Process><Process ToolSource="C:\Program Files\ArcGIS\Desktop10.0\ArcToolbox\Toolboxes\Data Management Tools.tbx\CalculateField" Date="20110629" Time="093439">CalculateField Current_Zoning_July_2011 WCZONE "RR2" VB #</Process><Process ToolSource="C:\Program Files\ArcGIS\Desktop10.0\ArcToolbox\Toolboxes\Data Management Tools.tbx\CalculateField" Date="20110629" Time="093505">CalculateField Current_Zoning_July_2011 WCZONE "RR3" VB #</Process><Process ToolSource="C:\Program Files\ArcGIS\Desktop10.0\ArcToolbox\Toolboxes\Data Management Tools.tbx\CalculateField" Date="20110629" Time="093522">CalculateField Current_Zoning_July_2011 WCZONE "RR5A" VB #</Process><Process ToolSource="C:\Program Files\ArcGIS\Desktop10.0\ArcToolbox\Toolboxes\Data Management Tools.tbx\CalculateField" Date="20110629" Time="093538">CalculateField Current_Zoning_July_2011 WCZONE "RR5A*" VB #</Process><Process ToolSource="C:\Program Files\ArcGIS\Desktop10.0\ArcToolbox\Toolboxes\Data Management Tools.tbx\CalculateField" Date="20110629" Time="093611">CalculateField Current_Zoning_July_2011 WCZONE "UR4" VB #</Process><Process ToolSource="c:\program files\arcgis\desktop10.1\ArcToolbox\Toolboxes\Conversion Tools.tbx\FeatureClassToFeatureClass" Date="20130308" Time="085325">FeatureClassToFeatureClass "M:\EGIS\Data\planning_dev\whatcom\WC Zoning_Comp Plan 2005\WC Zoning Comp Plan 2012.mdb\Current_Zoning_August_2012" "M:\EGIS\Data\planning_dev\whatcom\WC Zoning_Comp Plan 2005" Current_Zoning.shp # "OBJECTID "OBJECTID" true true false 4 Long 0 0 ,First,#,M:\EGIS\Data\planning_dev\whatcom\WC Zoning_Comp Plan 2005\WC Zoning Comp Plan 2012.mdb\Current_Zoning_August_2012,OBJECTID,-1,-1;AREA "AREA" true true false 8 Double 0 0 ,First,#,M:\EGIS\Data\planning_dev\whatcom\WC Zoning_Comp Plan 2005\WC Zoning Comp Plan 2012.mdb\Current_Zoning_August_2012,AREA,-1,-1;PERIMETER "PERIMETER" true true false 8 Double 0 0 ,First,#,M:\EGIS\Data\planning_dev\whatcom\WC Zoning_Comp Plan 2005\WC Zoning Comp Plan 2012.mdb\Current_Zoning_August_2012,PERIMETER,-1,-1;ZONECP05_ "ZONECP05_" true true false 4 Long 0 0 ,First,#,M:\EGIS\Data\planning_dev\whatcom\WC Zoning_Comp Plan 2005\WC Zoning Comp Plan 2012.mdb\Current_Zoning_August_2012,ZONECP05_,-1,-1;ZONECP05_I "ZONECP05_I" true true false 4 Long 0 0 ,First,#,M:\EGIS\Data\planning_dev\whatcom\WC Zoning_Comp Plan 2005\WC Zoning Comp Plan 2012.mdb\Current_Zoning_August_2012,ZONECP05_I,-1,-1;WCZONE "WCZONE" true true false 12 Text 0 0 ,First,#,M:\EGIS\Data\planning_dev\whatcom\WC Zoning_Comp Plan 2005\WC Zoning Comp Plan 2012.mdb\Current_Zoning_August_2012,WCZONE,-1,-1;WCPLAN "WCPLAN" true true false 16 Text 0 0 ,First,#,M:\EGIS\Data\planning_dev\whatcom\WC Zoning_Comp Plan 2005\WC Zoning Comp Plan 2012.mdb\Current_Zoning_August_2012,WCPLAN,-1,-1;MRL "MRL" true true false 4 Long 0 0 ,First,#,M:\EGIS\Data\planning_dev\whatcom\WC Zoning_Comp Plan 2005\WC Zoning Comp Plan 2012.mdb\Current_Zoning_August_2012,MRL,-1,-1;JURISDICTI "JURISDICTI" true true false 12 Text 0 0 ,First,#,M:\EGIS\Data\planning_dev\whatcom\WC Zoning_Comp Plan 2005\WC Zoning Comp Plan 2012.mdb\Current_Zoning_August_2012,JURISDICTI,-1,-1;SUBAREA "SUBAREA" true true false 12 Text 0 0 ,First,#,M:\EGIS\Data\planning_dev\whatcom\WC Zoning_Comp Plan 2005\WC Zoning Comp Plan 2012.mdb\Current_Zoning_August_2012,SUBAREA,-1,-1;UGATYPE "UGATYPE" true true false 6 Text 0 0 ,First,#,M:\EGIS\Data\planning_dev\whatcom\WC Zoning_Comp Plan 2005\WC Zoning Comp Plan 2012.mdb\Current_Zoning_August_2012,UGATYPE,-1,-1;UGAJURIS "UGAJURIS" true true false 10 Text 0 0 ,First,#,M:\EGIS\Data\planning_dev\whatcom\WC Zoning_Comp Plan 2005\WC Zoning Comp Plan 2012.mdb\Current_Zoning_August_2012,UGAJURIS,-1,-1;POLYGONID "POLYGONID" true true false 4 Long 0 0 ,First,#,M:\EGIS\Data\planning_dev\whatcom\WC Zoning_Comp Plan 2005\WC Zoning Comp Plan 2012.mdb\Current_Zoning_August_2012,POLYGONID,-1,-1;ACRES "ACRES" true true false 8 Double 0 0 ,First,#,M:\EGIS\Data\planning_dev\whatcom\WC Zoning_Comp Plan 2005\WC Zoning Comp Plan 2012.mdb\Current_Zoning_August_2012,ACRES,-1,-1;CONT_REZON "CONT_REZON" true true false 50 Text 0 0 ,First,#,M:\EGIS\Data\planning_dev\whatcom\WC Zoning_Comp Plan 2005\WC Zoning Comp Plan 2012.mdb\Current_Zoning_August_2012,CONT_REZON,-1,-1;Shape_Leng "Shape_Leng" true true false 8 Double 0 0 ,First,#,M:\EGIS\Data\planning_dev\whatcom\WC Zoning_Comp Plan 2005\WC Zoning Comp Plan 2012.mdb\Current_Zoning_August_2012,Shape_Leng,-1,-1;Shape_Le_1 "Shape_Length" false true true 8 Double 0 0 ,First,#,M:\EGIS\Data\planning_dev\whatcom\WC Zoning_Comp Plan 2005\WC Zoning Comp Plan 2012.mdb\Current_Zoning_August_2012,Shape_Length,-1,-1;Shape_Area "Shape_Area" false true true 8 Double 0 0 ,First,#,M:\EGIS\Data\planning_dev\whatcom\WC Zoning_Comp Plan 2005\WC Zoning Comp Plan 2012.mdb\Current_Zoning_August_2012,Shape_Area,-1,-1" #</Process><Process ToolSource="c:\program files\arcgis\desktop10.1\ArcToolbox\Toolboxes\Data Management Tools.tbx\CalculateField" Date="20130308" Time="085854">CalculateField Current_Zoning WCZONE "R5A" VB #</Process><Process ToolSource="c:\program files\arcgis\desktop10.1\ArcToolbox\Toolboxes\Data Management Tools.tbx\CalculateField" Date="20130308" Time="090028">CalculateField Current_Zoning WCZONE "RGC" VB #</Process><Process ToolSource="c:\program files\arcgis\desktop10.1\ArcToolbox\Toolboxes\Data Management Tools.tbx\CalculateField" Date="20130308" Time="090042">CalculateField Current_Zoning WCZONE "R5A" VB #</Process><Process ToolSource="c:\program files\arcgis\desktop10.1\ArcToolbox\Toolboxes\Data Management Tools.tbx\CalculateField" Date="20130913" Time="124822">CalculateField Current_Zoning WCZONE "RR5A" VB #</Process><Process ToolSource="c:\program files\arcgis\desktop10.1\ArcToolbox\Toolboxes\Data Management Tools.tbx\CalculateField" Date="20131121" Time="115927">CalculateField Current_Zoning UGATYPE "COUNTY" VB #</Process><Process ToolSource="c:\program files\arcgis\desktop10.1\ArcToolbox\Toolboxes\Data Management Tools.tbx\CalculateField" Date="20131121" Time="120106">CalculateField Current_Zoning UGATYPE "CITY" VB #</Process></lineage><itemProps><itemLocation><linkage Sync="TRUE">file://\\co.whatcom.wa.us\root\Multi\GIS\Maps\EGIS\Data\planning_dev\whatcom\WC Zoning_Comp Plan 2005\Current_Zoning.shp</linkage><protocol Sync="TRUE">Local Area Network</protocol></itemLocation><itemName Sync="TRUE">Current_Zoning</itemName><imsContentType Sync="TRUE">002</imsContentType><itemSize Sync="TRUE">0.000</itemSize></itemProps><coordRef><type Sync="TRUE">Projected</type><geogcsn Sync="TRUE">GCS_North_American_1983</geogcsn><projcsn Sync="TRUE">NAD_1983_StatePlane_Washington_North_FIPS_4601_Feet</projcsn><peXml Sync="TRUE">&lt;ProjectedCoordinateSystem xsi:type='typens:ProjectedCoordinateSystem' xmlns:xsi='http://www.w3.org/2001/XMLSchema-instance' xmlns:xs='http://www.w3.org/2001/XMLSchema' xmlns:typens='http://www.esri.com/schemas/ArcGIS/10.1'&gt;&lt;WKT&gt;PROJCS[&amp;quot;NAD_1983_StatePlane_Washington_North_FIPS_4601_Feet&amp;quot;,GEOGCS[&amp;quot;GCS_North_American_1983&amp;quot;,DATUM[&amp;quot;D_North_American_1983&amp;quot;,SPHEROID[&amp;quot;GRS_1980&amp;quot;,6378137.0,298.257222101]],PRIMEM[&amp;quot;Greenwich&amp;quot;,0.0],UNIT[&amp;quot;Degree&amp;quot;,0.0174532925199433]],PROJECTION[&amp;quot;Lambert_Conformal_Conic&amp;quot;],PARAMETER[&amp;quot;False_Easting&amp;quot;,1640416.666666667],PARAMETER[&amp;quot;False_Northing&amp;quot;,0.0],PARAMETER[&amp;quot;Central_Meridian&amp;quot;,-120.8333333333333],PARAMETER[&amp;quot;Standard_Parallel_1&amp;quot;,47.5],PARAMETER[&amp;quot;Standard_Parallel_2&amp;quot;,48.73333333333333],PARAMETER[&amp;quot;Latitude_Of_Origin&amp;quot;,47.0],UNIT[&amp;quot;Foot_US&amp;quot;,0.3048006096012192],AUTHORITY[&amp;quot;EPSG&amp;quot;,2285]]&lt;/WKT&gt;&lt;XOrigin&gt;-117104300&lt;/XOrigin&gt;&lt;YOrigin&gt;-99539600&lt;/YOrigin&gt;&lt;XYScale&gt;37926742.22403606&lt;/XYScale&gt;&lt;ZOrigin&gt;-100000&lt;/ZOrigin&gt;&lt;ZScale&gt;10000&lt;/ZScale&gt;&lt;MOrigin&gt;-100000&lt;/MOrigin&gt;&lt;MScale&gt;10000&lt;/MScale&gt;&lt;XYTolerance&gt;0.0032808333333333331&lt;/XYTolerance&gt;&lt;ZTolerance&gt;0.001&lt;/ZTolerance&gt;&lt;MTolerance&gt;0.001&lt;/MTolerance&gt;&lt;HighPrecision&gt;true&lt;/HighPrecision&gt;&lt;WKID&gt;102748&lt;/WKID&gt;&lt;LatestWKID&gt;2285&lt;/LatestWKID&gt;&lt;/ProjectedCoordinateSystem&gt;</peXml><csUnits Sync="TRUE">Linear Unit: Foot_US (0.304801)</csUnits></coordRef></DataProperties><ArcGISFormat>1.0</ArcGISFormat></Esri><dataIdInfo><envirDesc Sync="TRUE">Microsoft Windows XP Version 5.1 (Build 2600) Service Pack 3; Esri ArcGIS 10.1.1.3143</envirDesc><dataLang><languageCode Sync="TRUE" value="en" country="US"></languageCode><countryCode value="US" Sync="TRUE"></countryCode></dataLang><idCitation><resTitle Sync="TRUE">Current_Zoning</resTitle><presForm><PresFormCd Sync="TRUE" value="005"></PresFormCd></presForm></idCitation><spatRpType><SpatRepTypCd Sync="TRUE" value="001"></SpatRepTypCd></spatRpType><dataExt><geoEle><GeoBndBox esriExtentType="native"><westBL Sync="TRUE">1040167.431184</westBL><eastBL Sync="TRUE">1683257.118751</eastBL><northBL Sync="TRUE">739304.59276</northBL><southBL Sync="TRUE">597885.930159</southBL><exTypeCode Sync="TRUE">1</exTypeCode></GeoBndBox></geoEle></dataExt><geoBox esriExtentType="decdegrees"><westBL Sync="TRUE">-123.333982</westBL><eastBL Sync="TRUE">-120.654797</eastBL><northBL Sync="TRUE">49.026624</northBL><southBL Sync="TRUE">48.612494</southBL><exTypeCode Sync="TRUE">1</exTypeCode></geoBox><descKeys><thesaName uuidref="723f6998-058e-11dc-8314-0800200c9a66"></thesaName><keyword Sync="TRUE">002</keyword></descKeys></dataIdInfo><mdLang><languageCode Sync="TRUE" value="en"></languageCode><countryCode value="US" Sync="TRUE"></countryCode></mdLang><mdStanName Sync="TRUE">ISO 19115 Geographic Information - Metadata</mdStanName><mdStanVer Sync="TRUE">DIS_ESRI1.0</mdStanVer><mdChar><CharSetCd Sync="TRUE" value="004"></CharSetCd></mdChar><mdHrLv><ScopeCd Sync="TRUE" value="005"></ScopeCd></mdHrLv><mdHrLvName Sync="TRUE">dataset</mdHrLvName><distInfo><distributor><distorTran><onLineSrc><orDesc Sync="TRUE">002</orDesc><linkage Sync="TRUE">file://\\co.whatcom.wa.us\root\Multi\GIS\Maps\EGIS\Data\planning_dev\whatcom\WC Zoning_Comp Plan 2005\WC Zoning_Comp Plan 2005.mdb</linkage><protocol Sync="TRUE">Local Area Network</protocol></onLineSrc></distorTran><distorFormat><formatName Sync="TRUE">Personal GeoDatabase Feature Class</formatName></distorFormat></distributor><distFormat><formatName Sync="TRUE">Shapefile</formatName></distFormat><distTranOps><transSize Sync="TRUE">0.000</transSize></distTranOps></distInfo><refSysInfo><RefSystem><refSysID><identCode Sync="TRUE" code="2285">NAD_1983_StatePlane_Washington_North_FIPS_4601_Feet</identCode><idCodeSpace Sync="TRUE">EPSG</idCodeSpace><idVersion Sync="TRUE">7.11.2</idVersion></refSysID></RefSystem></refSysInfo><spatRepInfo><VectSpatRep><geometObjs Name="Current_Zoning"><geoObjTyp><GeoObjTypCd value="002" Sync="TRUE"></GeoObjTypCd></geoObjTyp><geoObjCnt Sync="TRUE">0</geoObjCnt></geometObjs><topLvl><TopoLevCd value="001" Sync="TRUE"></TopoLevCd></topLvl></VectSpatRep></spatRepInfo><mdDateSt Sync="TRUE">20130308</mdDateSt></metadata>
