<?xml version="1.0" encoding="UTF-8"?><metadata>
<idinfo>
<citation>
<citeinfo>
<title>WA Boundaries</title>
<onlink>https://fortress.wa.gov/dnr/arcgisext/weba_ext_prod4/rest/services/Cadastre/WADNR_Cadastre_OpenData/MapServer/1</onlink>
<onlink>https://fortress.wa.gov/dnr/adminsa/gisdata/datadownload/WA_Cadastre_Boundaries.zip</onlink>
<onlink>https://fortress.wa.gov/dnr/adminsa/GisData/metadata/cadastre_boundary.htm</onlink>
</citeinfo>
</citation>
<descript>
<abstract>The Boundary layer consists of lines representing the boundaries of Parcels and Legal Descriptions.  (See the metadata for those two layers.)  Boundary lines are the places that are surveyed in order to delimit the extent of Parcels and Legal Descriptions.  The character and accuracy of Boundary locations is held in the attributes of the Points that are at the ends of Boundary lines.  All the boundaries of Parcels and Legal Descriptions are covered by a Boundary line.  Currently the Boundary layer has little functionality.  The only distinction it makes is between upland boundaries and shorelines.  In the future Boundary lines will have a richer set of attributes in order to accommodate cartographic needs to distinguish between types of boundaries.WA Boundaries Metadata</abstract>
<purpose>Boundaries of Parcels and Legal Descriptions in Washington State</purpose>
</descript>
<keywords>
<theme>
<themekt>None</themekt>
<themekey>WA</themekey>
<themekey>Washington</themekey>
<themekey>Cadastre</themekey>
<themekey>public land survey</themekey>
<themekey>boundaries</themekey>
<themekey>jurisdiction</themekey>
</theme>
</keywords>
<accconst>None</accconst>
<useconst>The Washington State Department of Natural Resources (DNR) provides these geographic data &amp;quot;as is.&amp;quot;  DNR makes no guarantee or warranty concerning the accuracy of information contained in the geographic data.  DNR further makes no warranties, either expressed or implied as to any other matter whatsoever, including, without limitation, the condition of the product, or its fitness for any particular purpose. The burden for determining fitness for use lies entirely with the user.  Although these data have been processed successfully on computers of DNR, no warranty, expressed or implied, is made by DNR regarding the use of these data on any other system, nor does the fact of distribution constitute or imply any such warranty.
In no event shall the DNR have any liability whatsoever for payment of any consequential, incidental, indirect, special, or tort damages of any kind, including, but not limited to, any loss of profits arising out of use of or reliance on the geographic data or arising out of the delivery</useconst>
<datacred>Washington State Department of Natural Resources</datacred>
</idinfo>
<metainfo>
<metd>20170314</metd>
<metc>
<cntinfo>
<!--no contact person or organization name available-->
</cntinfo>
</metc>
<metstdn>FGDC Content Standard for Digital Geospatial Metadata</metstdn>
<metstdv>FGDC-STD-001-1998</metstdv>
<mettc>local time</mettc>
</metainfo>
</metadata>
